"source.book","source.publication_date","NAICS","date_join","n","Pa","n_normalized","Pa_mean","Pa_ecart","time"
"Bottin1_1829",1829,"Administrative and Legal Services",NA,1346,NA,0.0370645738675478,NA,NA,1
"Bottin1_1833",1833,"Administrative and Legal Services",1831,1491,0.000998210106016799,0.041057414291615,7.55946206631354e-05,0.000922615485353663,2
"Lamy_1839",1839,"Administrative and Legal Services",1836,1932,0.0020239570425444,0.0532011565468815,0.00213230296413875,-0.000108345921594351,3
"Didot_1842",1842,"Administrative and Legal Services",1841,2380,0.00411216668961402,0.0655376566157235,0.000563690179741018,0.003548476509873,4
"Didot_1845",1845,"Administrative and Legal Services",1846,2243,-0.00125751525999357,0.0617651108357428,-0.00026699095481602,-0.000990524305177553,5
"Didot_1850",1850,"Administrative and Legal Services",1851,2424,0.000996833264491257,0.0667492771581991,0.00174472506821084,-0.000747891803719587,6
"Didot_1855",1855,"Administrative and Legal Services",1856,2330,-0.000517692413603194,0.0641608150901831,0.00140879034091193,-0.00192648275451512,7
"DidotBottin_1860",1860,"Administrative and Legal Services",1861,2494,0.000903208040754508,0.0686768552939557,0.00213837870870286,-0.00123517066794835,8
"DidotBottin_1864",1864,"Administrative and Legal Services",1866,2583,0.000612694478865482,0.0711276332094176,0.00159160220539464,-0.000978907726529158,9
"DidotBottin_1871",1871,"Administrative and Legal Services",1872,1911,-0.00264353572903759,0.0526228831061545,-0.00168340151390855,-0.000960134215129041,10
"DidotBottin_1875",1875,"Administrative and Legal Services",1876,2620,0.00488090320804075,0.0721464959383175,0.00630720523911641,-0.00142630203107566,11
"DidotBottin_1880",1880,"Administrative and Legal Services",1881,2584,-0.00019826517967782,0.0711551700399284,0.00174753181233939,-0.00194579699201721,12
"DidotBottin_1885",1885,"Administrative and Legal Services",1886,2530,-0.000297397769516727,0.0696681811923448,0.00214096975554387,-0.0024383675250606,13
"DidotBottin_1896",1896,"Administrative and Legal Services",1896,2442,-0.000220294644086466,0.0672449401073936,-0.00129576545971908,0.00107547081563261,14
"DidotBottin_1901",1901,"Administrative and Legal Services",1901,2648,0.0011345174170453,0.0729175271926201,0.0012029610356659,-6.84436186206036e-05,15
"DidotBottin_1907",1907,"Administrative and Legal Services",1906,2357,-0.0013355362797742,0.0649043095139749,-0.0011552800569616,-0.000180256222812599,16
"Bottin1_1829",1829,"Arts, Entertainment, and Recreation",NA,1215,NA,0.0331813092279542,NA,NA,1
"Bottin1_1833",1833,"Arts, Entertainment, and Recreation",1831,1135,-0.00054619439058361,0.0309965316656198,7.55946206631354e-05,-0.000621789011246745,2
"Lamy_1839",1839,"Arts, Entertainment, and Recreation",1836,1543,0.00185706092798427,0.0421388972335254,0.00213230296413875,-0.000275242036154485,3
"Didot_1842",1842,"Arts, Entertainment, and Recreation",1841,2038,0.00450610372231477,0.0556572084004697,0.000563690179741018,0.00394241354257375,4
"Didot_1845",1845,"Arts, Entertainment, and Recreation",1846,1497,-0.00492485275509554,0.0408826501351831,-0.00026699095481602,-0.00465786180027952,5
"Didot_1850",1850,"Arts, Entertainment, and Recreation",1851,1605,0.000589889941830297,0.0438320998443346,0.00174472506821084,-0.00115483512638055,6
"Didot_1855",1855,"Arts, Entertainment, and Recreation",1856,2008,0.00220116339405194,0.0548379168145943,0.00140879034091193,0.000792373053140015,7
"DidotBottin_1860",1860,"Arts, Entertainment, and Recreation",1861,2231,0.00121801349100145,0.0609279842696016,0.00213837870870286,-0.000920365217701412,8
"DidotBottin_1864",1864,"Arts, Entertainment, and Recreation",1866,2369,0.000942185323756724,0.0646967255646285,0.00159160220539464,-0.000649416881637916,9
"DidotBottin_1871",1871,"Arts, Entertainment, and Recreation",1872,1689,-0.00265294418283467,0.0461261162847858,-0.00168340151390855,-0.000969542668926125,10
"DidotBottin_1875",1875,"Arts, Entertainment, and Recreation",1876,2518,0.00565993937242265,0.0687658737744763,0.00630720523911641,-0.000647265866693766,11
"DidotBottin_1880",1880,"Arts, Entertainment, and Recreation",1881,3144,0.00341917688505339,0.0858617581997433,0.00174753181233939,0.001671645072714,12
"DidotBottin_1885",1885,"Arts, Entertainment, and Recreation",1886,3249,0.000573504110112788,0.0887292787503072,0.00214096975554387,-0.00156746564543108,13
"DidotBottin_1896",1896,"Arts, Entertainment, and Recreation",1896,3250,2.48270177538085e-06,0.0887565884698364,-0.00129576545971908,0.00129824816149446,14
"DidotBottin_1901",1901,"Arts, Entertainment, and Recreation",1901,3554,0.00166043094737417,0.0970587432067073,0.0012029610356659,0.000457469911708269,15
"DidotBottin_1907",1907,"Arts, Entertainment, and Recreation",1906,3572,8.19291585875427e-05,0.0975503181582325,-0.0011552800569616,0.00123720921554914,16
"Bottin1_1829",1829,"Building and Car Rental",NA,563,NA,0.0254233461277941,NA,NA,1
"Bottin1_1833",1833,"Building and Car Rental",1831,577,0.000158049221043125,0.0260555430119666,7.55946206631354e-05,8.24546003799897e-05,2
"Lamy_1839",1839,"Building and Car Rental",1836,1059,0.00362760593060887,0.0478211785956198,0.00213230296413875,0.00149530296647011,3
"Didot_1842",1842,"Building and Car Rental",1841,601,-0.00689395649883345,0.0271393090991194,0.000563690179741018,-0.00745764667857447,4
"Didot_1845",1845,"Building and Car Rental",1846,615,0.000210732294724167,0.0277715059832919,-0.00026699095481602,0.000477723249540187,5
"Didot_1850",1850,"Building and Car Rental",1851,1022,0.0036757733122601,0.0461503725445925,0.00174472506821084,0.00193104824404926,6
"Didot_1855",1855,"Building and Car Rental",1856,990,-0.000289004289907428,0.0447053510950553,0.00140879034091193,-0.00169779463081936,7
"DidotBottin_1860",1860,"Building and Car Rental",1861,1156,0.00149920975389479,0.0522013998645292,0.00213837870870286,-0.000639168954808075,8
"DidotBottin_1864",1864,"Building and Car Rental",1866,1436,0.0031609844208625,0.0648453375479792,0.00159160220539464,0.00156938221546786,9
"DidotBottin_1871",1871,"Building and Car Rental",1872,977,-0.00296100377382834,0.0441183111311809,-0.00168340151390855,-0.00127760225991979,10
"DidotBottin_1875",1875,"Building and Car Rental",1876,1820,0.00951682095281102,0.0821855949424249,0.00630720523911641,0.00320961571369461,11
"DidotBottin_1880",1880,"Building and Car Rental",1881,2189,0.00333258071799503,0.0988484985324001,0.00174753181233939,0.00158504890565564,12
"DidotBottin_1885",1885,"Building and Car Rental",1886,2977,0.00711673063897042,0.134432151727252,0.00214096975554387,0.00497576088342655,13
"DidotBottin_1896",1896,"Building and Car Rental",1896,2268,-0.00291056877193703,0.102415895235945,-0.00129576545971908,-0.00161480331221795,14
"DidotBottin_1901",1901,"Building and Car Rental",1901,1920,-0.00314292165274328,0.0867012869722285,0.0012029610356659,-0.00434588268840918,15
"DidotBottin_1907",1907,"Building and Car Rental",1906,1975,0.000413938436065328,0.0891849175886205,-0.0011552800569616,0.00156921849302693,16
"Bottin1_1829",1829,"Clothing and clothing accessories manufacturers/retailers",NA,2755,NA,0.0248760711157663,NA,NA,1
"Bottin1_1833",1833,"Clothing and clothing accessories manufacturers/retailers",1831,2823,0.000153500257338667,0.0254900721451209,7.55946206631354e-05,7.79056366755314e-05,2
"Lamy_1839",1839,"Clothing and clothing accessories manufacturers/retailers",1836,4779,0.00294359317014149,0.0431516311659699,0.00213230296413875,0.000811290206002736,3
"Didot_1842",1842,"Clothing and clothing accessories manufacturers/retailers",1841,4416,-0.00109256065517521,0.0398739492004443,0.000563690179741018,-0.00165625083491623,4
"Didot_1845",1845,"Clothing and clothing accessories manufacturers/retailers",1846,4467,0.000153500257338665,0.0403344499724602,-0.00026699095481602,0.000420491212154685,5
"Didot_1850",1850,"Clothing and clothing accessories manufacturers/retailers",1851,5149,0.00123161382947024,0.0464925191198115,0.00174472506821084,-0.000513111238740601,6
"Didot_1855",1855,"Clothing and clothing accessories manufacturers/retailers",1856,6220,0.0019341032424672,0.0561630353321475,0.00140879034091193,0.000525312901555273,7
"DidotBottin_1860",1860,"Clothing and clothing accessories manufacturers/retailers",1861,7377,0.00208940938518632,0.0666100822580791,0.00213837870870286,-4.89693235165393e-05,8
"DidotBottin_1864",1864,"Clothing and clothing accessories manufacturers/retailers",1866,8059,0.00153951728683781,0.0727681514054303,0.00159160220539464,-5.20849185568326e-05,9
"DidotBottin_1871",1871,"Clothing and clothing accessories manufacturers/retailers",1872,6161,-0.00244826460864529,0.0556302991449133,-0.00168340151390855,-0.000764863094736744,10
"DidotBottin_1875",1875,"Clothing and clothing accessories manufacturers/retailers",1876,8974,0.00634994446902455,0.0810300770210115,0.00630720523911641,4.27392299081394e-05,11
"DidotBottin_1880",1880,"Clothing and clothing accessories manufacturers/retailers",1881,9589,0.00111061950897977,0.0865831745659103,0.00174753181233939,-0.000636912303359626,12
"DidotBottin_1885",1885,"Clothing and clothing accessories manufacturers/retailers",1886,10478,0.00160543210322441,0.0946103350820323,0.00214096975554387,-0.000535537652319462,13
"DidotBottin_1896",1896,"Clothing and clothing accessories manufacturers/retailers",1896,8758,-0.00141187402471929,0.0790797208101202,-0.00129576545971908,-0.000116108565000212,14
"DidotBottin_1901",1901,"Clothing and clothing accessories manufacturers/retailers",1901,10066,0.00236209807763501,0.0908902111982952,0.0012029610356659,0.00115913704196911,15
"DidotBottin_1907",1907,"Clothing and clothing accessories manufacturers/retailers",1906,10678,0.000921001544032,0.0964162204624872,-0.0011552800569616,0.0020762816009936,16
"Bottin1_1829",1829,"Construction and Public Works",NA,832,NA,0.0282868119538979,NA,NA,1
"Bottin1_1833",1833,"Construction and Public Works",1831,930,0.000832965015469351,0.0316186720157753,7.55946206631354e-05,0.000757370394806216,2
"Lamy_1839",1839,"Construction and Public Works",1836,1494,0.00319586577363751,0.0507938666576004,0.00213230296413875,0.00106356280949875,3
"Didot_1842",1842,"Construction and Public Works",1841,1362,-0.00149593717063883,0.0463060551456839,0.000563690179741018,-0.00205962735037985,4
"Didot_1845",1845,"Construction and Public Works",1846,1387,0.000283321433833114,0.0471560194471832,-0.00026699095481602,0.000550312388649134,5
"Didot_1850",1850,"Construction and Public Works",1851,1745,0.0024342977594941,0.0593275082446537,0.00174472506821084,0.000689572691283256,6
"Didot_1855",1855,"Construction and Public Works",1856,1802,0.000387583721483699,0.0612654268520722,0.00140879034091193,-0.00102120661942823,7
"DidotBottin_1860",1860,"Construction and Public Works",1861,2125,0.00219630775507429,0.0722469656274436,0.00213837870870286,5.79290463714266e-05,8
"DidotBottin_1864",1864,"Construction and Public Works",1866,2340,0.00182742324822358,0.0795566586203379,0.00159160220539464,0.000235821042828935,9
"DidotBottin_1871",1871,"Construction and Public Works",1872,1696,-0.00312786862951756,0.057661578213715,-0.00168340151390855,-0.00144446711560902,10
"DidotBottin_1875",1875,"Construction and Public Works",1876,2460,0.00649372726345494,0.0836364872675348,0.00630720523911641,0.000186522024338524,11
"DidotBottin_1880",1880,"Construction and Public Works",1881,2531,0.000482779723251622,0.0860503858837929,0.00174753181233939,-0.00126475208908777,12
"DidotBottin_1885",1885,"Construction and Public Works",1886,2772,0.00163873117329072,0.0942440417502465,0.00214096975554387,-0.000502238582253148,13
"DidotBottin_1896",1896,"Construction and Public Works",1896,1964,-0.00249734965676896,0.0667731955257879,-0.00129576545971908,-0.00120158419704989,14
"DidotBottin_1901",1901,"Construction and Public Works",1901,2066,0.000693570870023458,0.0702410498759052,0.0012029610356659,-0.000509390165642443,15
"DidotBottin_1907",1907,"Construction and Public Works",1906,1907,-0.000900962159589296,0.0648352769183694,-0.0011552800569616,0.000254317897372303,16
"Bottin1_1829",1829,"Cosmetics, Beauty Supplies, and Perfume Retailers",NA,287,NA,0.0177040281290482,NA,NA,1
"Bottin1_1833",1833,"Cosmetics, Beauty Supplies, and Perfume Retailers",1831,309,0.000339275800382456,0.019061131330578,7.55946206631354e-05,0.00026368117971932,2
"Lamy_1839",1839,"Cosmetics, Beauty Supplies, and Perfume Retailers",1836,435,0.00129541669236938,0.0268336314847943,0.00213230296413875,-0.000836886271769376,3
"Didot_1842",1842,"Cosmetics, Beauty Supplies, and Perfume Retailers",1841,453,0.00037011905496268,0.0279439886496823,0.000563690179741018,-0.000193571124778338,4
"Didot_1845",1845,"Cosmetics, Beauty Supplies, and Perfume Retailers",1846,416,-0.000760800279645508,0.0256615878107458,-0.00026699095481602,-0.000493809324829488,5
"Didot_1850",1850,"Cosmetics, Beauty Supplies, and Perfume Retailers",1851,696,0.00345444451298501,0.0429338103756708,0.00174472506821084,0.00170971944477417,6
"Didot_1855",1855,"Cosmetics, Beauty Supplies, and Perfume Retailers",1856,1015,0.00393559928443649,0.0626118067978533,0.00140879034091193,0.00252680894352457,7
"DidotBottin_1860",1860,"Cosmetics, Beauty Supplies, and Perfume Retailers",1861,1117,0.00125840478687311,0.0689038307322189,0.00213837870870286,-0.000879973921829747,8
"DidotBottin_1864",1864,"Cosmetics, Beauty Supplies, and Perfume Retailers",1866,1201,0.00129541669236938,0.0740854975016964,0.00159160220539464,-0.000296185513025262,9
"DidotBottin_1871",1871,"Cosmetics, Beauty Supplies, and Perfume Retailers",1872,914,-0.00252914687557831,0.0563814693726482,-0.00168340151390855,-0.000845745361669765,10
"DidotBottin_1875",1875,"Cosmetics, Beauty Supplies, and Perfume Retailers",1876,1293,0.00584479674295232,0.0797606563444575,0.00630720523911641,-0.000462408496164097,11
"DidotBottin_1880",1880,"Cosmetics, Beauty Supplies, and Perfume Retailers",1881,1632,0.00418234532107828,0.100672382949849,0.00174753181233939,0.00243481350873889,12
"DidotBottin_1885",1885,"Cosmetics, Beauty Supplies, and Perfume Retailers",1886,1749,0.00144346431435445,0.107889704521621,0.00214096975554387,-0.000697505441189419,13
"DidotBottin_1896",1896,"Cosmetics, Beauty Supplies, and Perfume Retailers",1896,1496,-0.00141878971069027,0.0922830177040281,-0.00129576545971908,-0.000123024250971198,14
"DidotBottin_1901",1901,"Cosmetics, Beauty Supplies, and Perfume Retailers",1901,1527,0.000382456356794769,0.094195299488002,0.0012029610356659,-0.000820504678871131,15
"DidotBottin_1907",1907,"Cosmetics, Beauty Supplies, and Perfume Retailers",1906,1671,0.00148047621985072,0.103078156807106,-0.0011552800569616,0.00263575627681232,16
"Bottin1_1829",1829,"Educational Services",NA,625,NA,0.0308824982705801,NA,NA,1
"Bottin1_1833",1833,"Educational Services",1831,664,0.00048176697302105,0.0328095661626643,7.55946206631354e-05,0.000406172352357914,2
"Lamy_1839",1839,"Educational Services",1836,1046,0.00314589715716309,0.0516849491056428,0.00213230296413875,0.00101359419302434,3
"Didot_1842",1842,"Educational Services",1841,991,-0.000905886615937016,0.0489672892578318,0.000563690179741018,-0.00146957679567803,4
"Didot_1845",1845,"Educational Services",1846,1005,0.000230589320420332,0.0496590572190928,-0.00026699095481602,0.000497580275236353,5
"Didot_1850",1850,"Educational Services",1851,1213,0.00205553908488981,0.0599367526435419,0.00174472506821084,0.000310814016678967,6
"Didot_1855",1855,"Educational Services",1856,1195,-0.000177883190038541,0.0590473366933491,0.00140879034091193,-0.00158667353095047,7
"DidotBottin_1860",1860,"Educational Services",1861,1347,0.00150212471588101,0.0665579602727542,0.00213837870870286,-0.000636253992821845,8
"DidotBottin_1864",1864,"Educational Services",1866,1464,0.00144530091906315,0.0723391639490068,0.00159160220539464,-0.000146301286331492,9
"DidotBottin_1871",1871,"Educational Services",1872,1267,-0.00139059477926955,0.06260500049412,-0.00168340151390855,0.000292806734638997,10
"DidotBottin_1875",1875,"Educational Services",1876,1560,0.00361942879731199,0.0770827156833679,0.00630720523911641,-0.00268777644180442,11
"DidotBottin_1880",1880,"Educational Services",1881,1511,-0.000484237572882698,0.0746615278189544,0.00174753181233939,-0.00223176938522209,12
"DidotBottin_1885",1885,"Educational Services",1886,1391,-0.00118588793359027,0.0687320881510031,0.00214096975554387,-0.00332685768913414,13
"DidotBottin_1896",1896,"Educational Services",1896,1352,-0.000175187990189473,0.0668050202589189,-0.00129576545971908,0.0011205774695296,14
"DidotBottin_1901",1901,"Educational Services",1901,1814,0.00456566854432256,0.0896333629805317,0.0012029610356659,0.00336270750865666,15
"DidotBottin_1907",1907,"Educational Services",1906,1793,-0.000172941990315249,0.0885957110386402,-0.0011552800569616,0.000982338066646349,16
"Bottin1_1829",1829,"Engineering Services",NA,556,NA,0.015468506565769,NA,NA,1
"Bottin1_1833",1833,"Engineering Services",1831,628,0.000500778989539283,0.0174716225239261,7.55946206631354e-05,0.000425184368876148,2
"Lamy_1839",1839,"Engineering Services",1836,791,0.000755805326804659,0.0220064544847541,0.00213230296413875,-0.0013764976373341,3
"Didot_1842",1842,"Engineering Services",1841,1001,0.00194747384820832,0.027848876029379,0.000563690179741018,0.00138378366846731,4
"Didot_1845",1845,"Engineering Services",1846,1215,0.0019845685881742,0.0338025817939016,-0.00026699095481602,0.00225155954299022,5
"Didot_1850",1850,"Engineering Services",1851,1276,0.000339416870687737,0.0354996661473403,0.00174472506821084,-0.00140530819752311,6
"Didot_1855",1855,"Engineering Services",1856,1755,0.00266525706654796,0.0488259514800801,0.00140879034091193,0.00125646672563604,7
"DidotBottin_1860",1860,"Engineering Services",1861,2425,0.00372802136657022,0.0674660583129312,0.00213837870870286,0.00158964265786736,8
"DidotBottin_1864",1864,"Engineering Services",1866,2451,0.000180836857333628,0.0681894057422657,0.00159160220539464,-0.00141076534806101,9
"DidotBottin_1871",1871,"Engineering Services",1872,2187,-0.00104925121617755,0.0608446472290229,-0.00168340151390855,0.000634150297731001,10
"DidotBottin_1875",1875,"Engineering Services",1876,2825,0.00443745826841754,0.0785944803026931,0.00630720523911641,-0.00186974697069888,11
"DidotBottin_1880",1880,"Engineering Services",1881,3145,0.0017805475183619,0.0874972178945026,0.00174753181233939,3.30157060225058e-05,12
"DidotBottin_1885",1885,"Engineering Services",1886,3328,0.00101825061206321,0.0925884709548186,0.00214096975554387,-0.00112271914348066,13
"DidotBottin_1896",1896,"Engineering Services",1896,3506,0.000450195253222184,0.0975406187402626,-0.00129576545971908,0.00174596071294126,14
"DidotBottin_1901",1901,"Engineering Services",1901,4268,0.00423992877809927,0.118740262630759,0.0012029610356659,0.00303696774243337,15
"DidotBottin_1907",1907,"Engineering Services",1906,4587,0.00147915275613918,0.127615179167594,-0.0011552800569616,0.00263443281310078,16
"Bottin1_1829",1829,"Finance and Insurance",NA,91,NA,0.0189820609094702,NA,NA,1
"Bottin1_1833",1833,"Finance and Insurance",1831,74,-0.000886524822695035,0.01543596161869,7.55946206631354e-05,-0.000962119443358171,2
"Lamy_1839",1839,"Finance and Insurance",1836,202,0.00445000695313586,0.0421360033375052,0.00213230296413875,0.00231770398899711,3
"Didot_1842",1842,"Finance and Insurance",1841,198,-0.000278125434570992,0.0413016270337922,0.000563690179741018,-0.00084181561431201,4
"Didot_1845",1845,"Finance and Insurance",1846,204,0.000417188151856487,0.0425531914893617,-0.00026699095481602,0.000684179106672507,5
"Didot_1850",1850,"Finance and Insurance",1851,175,-0.00120984564038381,0.0365039632874426,0.00174472506821084,-0.00295457070859466,6
"Didot_1855",1855,"Finance and Insurance",1856,182,0.000292031706299541,0.0379641218189403,0.00140879034091193,-0.00111675863461239,7
"DidotBottin_1860",1860,"Finance and Insurance",1861,296,0.00475594493116395,0.0617438464747601,0.00213837870870286,0.00261756622246109,8
"DidotBottin_1864",1864,"Finance and Insurance",1866,288,-0.000417188151856488,0.0600750938673342,0.00159160220539464,-0.00200879035725113,9
"DidotBottin_1871",1871,"Finance and Insurance",1872,258,-0.000893974611121043,0.0538172715894869,-0.00168340151390855,0.000789426902787503,10
"DidotBottin_1875",1875,"Finance and Insurance",1876,436,0.00928243637880684,0.0909470171047142,0.00630720523911641,0.00297523113969043,11
"DidotBottin_1880",1880,"Finance and Insurance",1881,442,0.000250312891113891,0.0921985815602837,0.00174753181233939,-0.0014972189212255,12
"DidotBottin_1885",1885,"Finance and Insurance",1886,516,0.00308719232373801,0.107634543178974,0.00214096975554387,0.000946222568194138,13
"DidotBottin_1896",1896,"Finance and Insurance",1896,429,-0.00164978950961429,0.0894868585732165,-0.00129576545971908,-0.000354024049895216,14
"DidotBottin_1901",1901,"Finance and Insurance",1901,504,0.00312891113892365,0.105131414267835,0.0012029610356659,0.00192595010325775,15
"DidotBottin_1907",1907,"Finance and Insurance",1906,499,-0.000173828396606869,0.104088443888194,-0.0011552800569616,0.00098145166035473,16
"Bottin1_1829",1829,"Food stores",NA,4116,NA,0.0218609418900473,NA,NA,1
"Bottin1_1833",1833,"Food stores",1831,4453,0.000447469473818389,0.0236508197853209,7.55946206631354e-05,0.000371874853155253,2
"Lamy_1839",1839,"Food stores",1836,7147,0.00238473345690749,0.0379592205267658,0.00213230296413875,0.00025243049276874,3
"Didot_1842",1842,"Food stores",1841,5841,-0.0023121469151605,0.0310227797812844,0.000563690179741018,-0.00287583709490152,4
"Didot_1845",1845,"Food stores",1846,5145,-0.00123220080624173,0.0273261773625592,-0.00026699095481602,-0.000965209851425715,5
"Didot_1850",1850,"Food stores",1851,7511,0.0025132647479034,0.0398925011020761,0.00174472506821084,0.000768539679692555,6
"Didot_1855",1855,"Food stores",1856,8056,0.000578921930518746,0.0427871107546699,0.00140879034091193,-0.000829868410393182,7
"DidotBottin_1860",1860,"Food stores",1861,9207,0.00122264062757262,0.048900313892533,0.00213837870870286,-0.000915738081130241,8
"DidotBottin_1864",1864,"Food stores",1866,10347,0.00151369495594351,0.054955093716307,0.00159160220539464,-7.79072494511306e-05,9
"DidotBottin_1871",1871,"Food stores",1872,9260,-0.000824755096296038,0.0491818080422347,-0.00168340151390855,0.000858646417612508,10
"DidotBottin_1875",1875,"Food stores",1876,14962,0.00757113038490342,0.0794663295818484,0.00630720523911641,0.001263925145787,11
"DidotBottin_1880",1880,"Food stores",1881,18630,0.00389630392870231,0.09894784922536,0.00174753181233939,0.00214877211636292,12
"DidotBottin_1885",1885,"Food stores",1886,23065,0.00471104359972594,0.12250306722399,0.00214096975554387,0.00257007384418207,13
"DidotBottin_1896",1896,"Food stores",1896,19764,-0.00159384594882601,0.104970761786904,-0.00129576545971908,-0.00029808048910693,14
"DidotBottin_1901",1901,"Food stores",1901,20248,0.00051412516398362,0.107541387606822,0.0012029610356659,-0.000688835871682281,15
"DidotBottin_1907",1907,"Food stores",1906,20529,0.000248741685742763,0.109033837721278,-0.0011552800569616,0.00140402174270436,16
"Bottin1_1829",1829,"Full-Service Restaurants",NA,162,NA,0.00785606905581689,NA,NA,1
"Bottin1_1833",1833,"Full-Service Restaurants",1831,154,-9.69885068619369e-05,0.00746811502836914,7.55946206631354e-05,-0.000172583127525072,2
"Lamy_1839",1839,"Full-Service Restaurants",1836,468,0.00253786592955401,0.0226953106056932,0.00213230296413875,0.00040556296541526,3
"Didot_1842",1842,"Full-Service Restaurants",1841,256,-0.0034269272424551,0.0124145288783279,0.000563690179741018,-0.00399061742219612,4
"Didot_1845",1845,"Full-Service Restaurants",1846,234,-0.000355624525160435,0.0113476553028466,-0.00026699095481602,-8.86335703444152e-05,5
"Didot_1850",1850,"Full-Service Restaurants",1851,397,0.00158091266184957,0.0192522186120945,0.00174472506821084,-0.000163812406361273,6
"Didot_1855",1855,"Full-Service Restaurants",1856,552,0.00150332185636002,0.0267688278938946,0.00140879034091193,9.45315154480936e-05,7
"DidotBottin_1860",1860,"Full-Service Restaurants",1861,800,0.00240531497017603,0.0387954027447747,0.00213837870870286,0.000266936261473173,8
"DidotBottin_1864",1864,"Full-Service Restaurants",1866,1140,0.00412201154163232,0.055283448911304,0.00159160220539464,0.00253040933623768,9
"DidotBottin_1871",1871,"Full-Service Restaurants",1872,1529,0.00269489494066382,0.0741477134959507,-0.00168340151390855,0.00437829645457236,10
"DidotBottin_1875",1875,"Full-Service Restaurants",1876,2107,0.00700741962077494,0.10217739197905,0.00630720523911641,0.000700214381658527,11
"DidotBottin_1880",1880,"Full-Service Restaurants",1881,2673,0.00548954948838563,0.129625139420979,0.00174753181233939,0.00374201767604623,12
"DidotBottin_1885",1885,"Full-Service Restaurants",1886,3531,0.00832161388875418,0.17123320886475,0.00214096975554387,0.00618064413321031,13
"DidotBottin_1896",1896,"Full-Service Restaurants",1896,2378,-0.00508307947326424,0.115319334658843,-0.00129576545971908,-0.00378731401354516,14
"DidotBottin_1901",1901,"Full-Service Restaurants",1901,2300,-0.000756510353523107,0.111536782891227,0.0012029610356659,-0.00195947138918901,15
"DidotBottin_1907",1907,"Full-Service Restaurants",1906,1940,-0.00290965520585811,0.0940788516560788,-0.0011552800569616,-0.00175437514889651,16
"Bottin1_1829",1829,"Health Practitioners",NA,1382,NA,0.0286235035831159,NA,NA,1
"Bottin1_1833",1833,"Health Practitioners",1831,1446,0.000331386438010024,0.029949049335156,7.55946206631354e-05,0.000255791817346889,2
"Lamy_1839",1839,"Health Practitioners",1836,1882,0.00150504673929553,0.0389793297709291,0.00213230296413875,-0.000627256224843227,3
"Didot_1842",1842,"Health Practitioners",1841,2085,0.00140148847741739,0.0431837952031813,0.000563690179741018,0.000837798297676376,4
"Didot_1845",1845,"Health Practitioners",1846,2097,8.28466095025062e-05,0.0434323350316888,-0.00026699095481602,0.000349837564318526,5
"Didot_1850",1850,"Health Practitioners",1851,2284,0.000774615798848433,0.047305414025931,0.00174472506821084,-0.000970109269362411,6
"Didot_1855",1855,"Health Practitioners",1856,2452,0.000695911519821051,0.0507849716250362,0.00140879034091193,-0.000712878821090877,7
"DidotBottin_1860",1860,"Health Practitioners",1861,2787,0.00138768070916698,0.0577233751708711,0.00213837870870286,-0.000750697999535883,8
"DidotBottin_1864",1864,"Health Practitioners",1866,2995,0.00107700592353258,0.0620313988650014,0.00159160220539464,-0.000514596281862061,9
"DidotBottin_1871",1871,"Health Practitioners",1872,2624,-0.00109771757590821,0.054347375833644,-0.00168340151390855,0.000585683938000341,10
"DidotBottin_1875",1875,"Health Practitioners",1876,3498,0.0045254960440744,0.0724493600099416,0.00630720523911641,-0.00178170919504202,11
"DidotBottin_1880",1880,"Health Practitioners",1881,3658,0.000662772876020049,0.0757632243900418,0.00174753181233939,-0.00108475893631934,12
"DidotBottin_1885",1885,"Health Practitioners",1886,4268,0.00252682158982644,0.088397332339174,0.00214096975554387,0.000385851834282566,13
"DidotBottin_1896",1896,"Health Practitioners",1896,4452,0.000346449457919571,0.0922082763762893,-0.00129576545971908,0.00164221491763865,14
"DidotBottin_1901",1901,"Health Practitioners",1901,5077,0.00258895654695332,0.105153059111056,0.0012029610356659,0.00138599551128742,15
"DidotBottin_1907",1907,"Health Practitioners",1906,5295,0.000752523369647764,0.109668199328942,-0.0011552800569616,0.00190780342660936,16
"Bottin1_1829",1829,"Home Furniture and Supplies Manufacturers/Retailers",NA,2124,NA,0.0269676616599586,NA,NA,1
"Bottin1_1833",1833,"Home Furniture and Supplies Manufacturers/Retailers",1831,2110,-4.44382371986131e-05,0.0267899087111642,7.55946206631354e-05,-0.000120032857861749,2
"Lamy_1839",1839,"Home Furniture and Supplies Manufacturers/Retailers",1836,3319,0.00255837279872018,0.0421401455034852,0.00213230296413875,0.000426069834581424,3
"Didot_1842",1842,"Home Furniture and Supplies Manufacturers/Retailers",1841,3266,-0.000224307292526336,0.0414672236259062,0.000563690179741018,-0.000787997472267355,4
"Didot_1845",1845,"Home Furniture and Supplies Manufacturers/Retailers",1846,3116,-0.000634831959980193,0.0395627277459656,-0.00026699095481602,-0.000367841005164172,5
"Didot_1850",1850,"Home Furniture and Supplies Manufacturers/Retailers",1851,3536,0.00106651769276672,0.0448953162097993,0.00174472506821084,-0.000678207375444119,6
"Didot_1855",1855,"Home Furniture and Supplies Manufacturers/Retailers",1856,4408,0.00221429387641091,0.0559667855918538,0.00140879034091193,0.000805503535498986,7
"DidotBottin_1860",1860,"Home Furniture and Supplies Manufacturers/Retailers",1861,5087,0.0017242036033062,0.0645878036083849,0.00213837870870286,-0.000414175105396656,8
"DidotBottin_1864",1864,"Home Furniture and Supplies Manufacturers/Retailers",1866,5511,0.00134584375515801,0.0699711786290169,0.00159160220539464,-0.000245758450236628,9
"DidotBottin_1871",1871,"Home Furniture and Supplies Manufacturers/Retailers",1872,3357,-0.0039069372622781,0.0426226177930702,-0.00168340151390855,-0.00222353574836956,10
"DidotBottin_1875",1875,"Home Furniture and Supplies Manufacturers/Retailers",1876,5721,0.00750371376696588,0.0726374728609337,0.00630720523911641,0.00119650852784947,11
"DidotBottin_1880",1880,"Home Furniture and Supplies Manufacturers/Retailers",1881,6378,0.00166833839082795,0.0809791648150734,0.00174753181233939,-7.91934215114433e-05,12
"DidotBottin_1885",1885,"Home Furniture and Supplies Manufacturers/Retailers",1886,6852,0.00120364139612245,0.0869973717956857,0.00214096975554387,-0.000937328359421422,13
"DidotBottin_1896",1896,"Home Furniture and Supplies Manufacturers/Retailers",1896,7182,0.000380899175988116,0.091187262731555,-0.00129576545971908,0.00167666463570719,14
"DidotBottin_1901",1901,"Home Furniture and Supplies Manufacturers/Retailers",1901,8477,0.0032884295526974,0.107629410495042,0.0012029610356659,0.0020854685170315,15
"DidotBottin_1907",1907,"Home Furniture and Supplies Manufacturers/Retailers",1906,8317,-0.000338577045322768,0.105597948223105,-0.0011552800569616,0.00081670301163883,16
"Bottin1_1829",1829,"Manufacturing",NA,2223,NA,0.0159174554984319,NA,NA,1
"Bottin1_1833",1833,"Manufacturing",1831,2346,0.000220180727205029,0.016798178407252,7.55946206631354e-05,0.000144586106541894,2
"Lamy_1839",1839,"Manufacturing",1836,5763,0.00407781867132567,0.041265090435206,0.00213230296413875,0.00194551570718691,3
"Didot_1842",1842,"Manufacturing",1841,6446,0.00163017275534997,0.0461556087012559,0.000563690179741018,0.00106648257560896,4
"Didot_1845",1845,"Manufacturing",1846,6892,0.00106450519602648,0.0493491242893354,-0.00026699095481602,0.0013314961508425,5
"Didot_1850",1850,"Manufacturing",1851,7498,0.000867834280886165,0.0536882956937662,0.00174472506821084,-0.000876890787324679,6
"Didot_1855",1855,"Manufacturing",1856,8420,0.00132036832834496,0.060290137335491,0.00140879034091193,-8.84220125669717e-05,7
"DidotBottin_1860",1860,"Manufacturing",1861,9873,0.00208079737644818,0.0706941242177319,0.00213837870870286,-5.75813322546796e-05,8
"DidotBottin_1864",1864,"Manufacturing",1866,10329,0.000816279769150354,0.0739592432943333,0.00159160220539464,-0.000775322436244286,9
"DidotBottin_1871",1871,"Manufacturing",1872,9166,-0.00118964081644343,0.0656317575792293,-0.00168340151390855,0.000493760697465112,10
"DidotBottin_1875",1875,"Manufacturing",1876,12494,0.00595741024502714,0.0894613985593378,0.00630720523911641,-0.000349794994089275,11
"DidotBottin_1880",1880,"Manufacturing",1881,13051,0.000797662862134643,0.093449712870011,0.00174753181233939,-0.000949868950204748,12
"DidotBottin_1885",1885,"Manufacturing",1886,13469,0.000598605164043592,0.096442738690229,0.00214096975554387,-0.00154236459150028,13
"DidotBottin_1896",1896,"Manufacturing",1896,10857,-0.0017002573819942,0.0777399074882928,-0.00129576545971908,-0.000404491922275121,14
"DidotBottin_1901",1901,"Manufacturing",1901,10575,-0.00040384367526386,0.0757206891119735,0.0012029610356659,-0.00160680471092976,15
"DidotBottin_1907",1907,"Manufacturing",1906,10256,-0.000380691880641759,0.073436537828123,-0.0011552800569616,0.00077458817631984,16
"Bottin1_1829",1829,"No Activity, Living of Income",NA,1918,NA,0.0409645244655176,NA,NA,1
"Bottin1_1833",1833,"No Activity, Living of Income",1831,1763,-0.000827620085004593,0.0376540441254992,7.55946206631354e-05,-0.000903214705667729,2
"Lamy_1839",1839,"No Activity, Living of Income",1836,377,-0.00493368360351124,0.00805194250443177,0.00213230296413875,-0.00706598656765,3
"Didot_1842",1842,"No Activity, Living of Income",1841,2311,0.0137687504894527,0.04935819397279,0.000563690179741018,0.0132050603097117,4
"Didot_1845",1845,"No Activity, Living of Income",1846,1707,-0.00430006478574429,0.0364579996155571,-0.00026699095481602,-0.00403307383092827,5
"Didot_1850",1850,"No Activity, Living of Income",1851,2674,0.00413062514683582,0.0571111253497362,0.00174472506821084,0.00238590007862498,6
"Didot_1855",1855,"No Activity, Living of Income",1856,4310,0.00698831720809039,0.0920527113901882,0.00140879034091193,0.00557952686717846,7
"DidotBottin_1860",1860,"No Activity, Living of Income",1861,4348,0.000162320326349286,0.0928643130219346,0.00213837870870286,-0.00197605838235357,8
"DidotBottin_1864",1864,"No Activity, Living of Income",1866,4423,0.000400461331453834,0.0944661583477499,0.00159160220539464,-0.00119114087394081,9
"DidotBottin_1871",1871,"No Activity, Living of Income",1872,3695,-0.00222122551846394,0.0789175797185024,-0.00168340151390855,-0.00053782400455539,10
"DidotBottin_1875",1875,"No Activity, Living of Income",1876,4292,0.00318767219837253,0.0916682685119925,0.00630720523911641,-0.00311953304074389,11
"DidotBottin_1880",1880,"No Activity, Living of Income",1881,4679,0.00165310437624143,0.0999337903931996,0.00174753181233939,-9.44274360979616e-05,12
"DidotBottin_1885",1885,"No Activity, Living of Income",1886,4595,-0.000358813352982637,0.0981397236282864,0.00214096975554387,-0.00249978310852651,13
"DidotBottin_1896",1896,"No Activity, Living of Income",1896,2715,-0.00365026571216101,0.0579868007945153,-0.00129576545971908,-0.00235450025244194,14
"DidotBottin_1901",1901,"No Activity, Living of Income",1901,2897,0.000777428931462378,0.0618739454518272,0.0012029610356659,-0.000425532104203523,15
"DidotBottin_1907",1907,"No Activity, Living of Income",1906,117,-0.00989584445725921,0.00249887870827193,-0.0011552800569616,-0.00874056440029761,16
"Bottin1_1829",1829,"Other retailers",NA,633,NA,0.0188538750223387,NA,NA,1
"Bottin1_1833",1833,"Other retailers",1831,647,0.000104247334246739,0.0192708643593257,7.55946206631354e-05,2.86527135836034e-05,2
"Lamy_1839",1839,"Other retailers",1836,1123,0.00236293957625941,0.0334485018168821,0.00213230296413875,0.000230636612120652,3
"Didot_1842",1842,"Other retailers",1841,1185,0.000615555687933124,0.0352951688806815,0.000563690179741018,5.18655081921056e-05,4
"Didot_1845",1845,"Other retailers",1846,1285,0.000992831754730842,0.038273664144874,-0.00026699095481602,0.00125982270954686,5
"Didot_1850",1850,"Other retailers",1851,1413,0.000762494787633287,0.0420861380830404,0.00174472506821084,-0.000982230280577556,6
"Didot_1855",1855,"Other retailers",1856,1757,0.00204920474176446,0.0523321617918628,0.00140879034091193,0.000640414400852533,7
"DidotBottin_1860",1860,"Other retailers",1861,2045,0.0017156132721749,0.0609102281527372,0.00213837870870286,-0.000422765436527963,8
"DidotBottin_1864",1864,"Other retailers",1866,2473,0.00318698993268601,0.0736581878834813,0.00159160220539464,0.00159538772729137,9
"DidotBottin_1871",1871,"Other retailers",1872,1697,-0.00330187475001915,0.0505450646333472,-0.00168340151390855,-0.0016184732361106,10
"DidotBottin_1875",1875,"Other retailers",1876,2948,0.00931524393876213,0.0878060403883958,0.00630720523911641,0.00300803869964572,11
"DidotBottin_1880",1880,"Other retailers",1881,3134,0.00110800023827962,0.0933460415797939,0.00174753181233939,-0.000639531574059769,12
"DidotBottin_1885",1885,"Other retailers",1886,3575,0.00262703282301781,0.106481205694883,0.00214096975554387,0.000486063067473941,13
"DidotBottin_1896",1896,"Other retailers",1896,3089,-0.00131595336217961,0.0920057187109072,-0.00129576545971908,-2.0187902460533e-05,14
"DidotBottin_1901",1901,"Other retailers",1901,3286,0.00117352713409186,0.0978733543813665,0.0012029610356659,-2.94339015740443e-05,15
"DidotBottin_1907",1907,"Other retailers",1906,3284,-9.92831754730722e-06,0.0978137844760827,-0.0011552800569616,0.00114535173941429,16
"Bottin1_1829",1829,"Public Administration",NA,683,NA,0.0339648913421851,NA,NA,1
"Bottin1_1833",1833,"Public Administration",1831,652,-0.000385399572330797,0.0324232930528619,7.55946206631354e-05,-0.000460994192993933,2
"Lamy_1839",1839,"Public Administration",1836,954,0.00250302517943873,0.0474414441294943,0.00213230296413875,0.000370722215299971,3
"Didot_1842",1842,"Public Administration",1841,878,-0.00125980075256519,0.0436620418717987,0.000563690179741018,-0.0018234909323062,4
"Didot_1845",1845,"Public Administration",1846,892,0.000232068559683061,0.0443582475508479,-0.00026699095481602,0.000499059514499081,5
"Didot_1850",1850,"Public Administration",1851,1452,0.00556964543239346,0.0722064747128152,0.00174472506821084,0.00382492036418261,6
"Didot_1855",1855,"Public Administration",1856,1372,-0.000795663633199065,0.0682281565468198,0.00140879034091193,-0.00220445397411099,7
"DidotBottin_1860",1860,"Public Administration",1861,1428,0.000556964543239344,0.0710129792630166,0.00213837870870286,-0.00158141416546352,8
"DidotBottin_1864",1864,"Public Administration",1866,1543,0.00142970809090457,0.0767318116266348,0.00159160220539464,-0.00016189411449007,9
"DidotBottin_1871",1871,"Public Administration",1872,1442,-0.000717518097795585,0.0717091849420657,-0.00168340151390855,0.000965883416112961,10
"DidotBottin_1875",1875,"Public Administration",1876,1889,0.00555721318812472,0.0939380376945646,0.00630720523911641,-0.000749992050991693,11
"DidotBottin_1880",1880,"Public Administration",1881,1754,-0.00134268238102342,0.0872246257894475,0.00174753181233939,-0.00309021419336281,12
"DidotBottin_1885",1885,"Public Administration",1886,1732,-0.000218807499129742,0.0861305882937988,0.00214096975554387,-0.00235977725467361,13
"DidotBottin_1896",1896,"Public Administration",1896,1498,-0.00105787096686694,0.0744940076582625,-0.00129576545971908,0.000237894492852136,14
"DidotBottin_1901",1901,"Public Administration",1901,1590,0.000915013178178925,0.0790690735491571,0.0012029610356659,-0.000287947857486976,15
"DidotBottin_1907",1907,"Public Administration",1906,350,-0.0102773219288213,0.0174051419762295,-0.0011552800569616,-0.00912204187185966,16
"Bottin1_1829",1829,"Publishing Industries",NA,852,NA,0.0327088452088452,NA,NA,1
"Bottin1_1833",1833,"Publishing Industries",1831,822,-0.000287929975429976,0.0315571253071253,7.55946206631354e-05,-0.000363524596093111,2
"Lamy_1839",1839,"Publishing Industries",1836,1304,0.00308404995904996,0.0500614250614251,0.00213230296413875,0.000951746994911204,3
"Didot_1842",1842,"Publishing Industries",1841,1255,-0.000627047502047502,0.0481802825552826,0.000563690179741018,-0.00119073768178852,4
"Didot_1845",1845,"Publishing Industries",1846,1227,-0.000358312858312858,0.047105343980344,-0.00026699095481602,-9.13219034968376e-05,5
"Didot_1850",1850,"Publishing Industries",1851,1305,0.000598894348894349,0.0500998157248157,0.00174472506821084,-0.00114583071931649,6
"Didot_1855",1855,"Publishing Industries",1856,1394,0.000683353808353808,0.0535165847665848,0.00140879034091193,-0.00072543653255812,7
"DidotBottin_1860",1860,"Publishing Industries",1861,1506,0.00085995085995086,0.0578163390663391,0.00213837870870286,-0.001278427848752,8
"DidotBottin_1864",1864,"Publishing Industries",1866,1639,0.00127648955773956,0.0629222972972973,0.00159160220539464,-0.000315112647655082,9
"DidotBottin_1871",1871,"Publishing Industries",1872,1146,-0.00270379957879958,0.0439957002457002,-0.00168340151390855,-0.00102039806489103,10
"DidotBottin_1875",1875,"Publishing Industries",1876,1920,0.00742859336609337,0.0737100737100737,0.00630720523911641,0.00112138812697695,11
"DidotBottin_1880",1880,"Publishing Industries",1881,2254,0.00256449631449631,0.0865325552825553,0.00174753181233939,0.000816964502156924,12
"DidotBottin_1885",1885,"Publishing Industries",1886,2632,0.00290233415233415,0.101044226044226,0.00214096975554387,0.000761364396790282,13
"DidotBottin_1896",1896,"Publishing Industries",1896,2082,-0.00191953316953317,0.0799293611793612,-0.00129576545971908,-0.000623767709814094,14
"DidotBottin_1901",1901,"Publishing Industries",1901,2215,0.00102119164619165,0.0850353194103194,0.0012029610356659,-0.000181769389474254,15
"DidotBottin_1907",1907,"Publishing Industries",1906,2495,0.00179156429156429,0.0957847051597052,-0.0011552800569616,0.00294684434852589,16
"Bottin1_1829",1829,"Related to Agricultural Activities",NA,29,NA,0.00679634403562222,NA,NA,1
"Bottin1_1833",1833,"Related to Agricultural Activities",1831,25,-0.000234356690883525,0.00585891727208812,7.55946206631354e-05,-0.00030995131154666,2
"Lamy_1839",1839,"Related to Agricultural Activities",1836,53,0.00109366455745645,0.0124209046168268,0.00213230296413875,-0.00103863840668231,3
"Didot_1842",1842,"Related to Agricultural Activities",1841,32,-0.00164049683618467,0.00749941410827279,0.000563690179741018,-0.00220418701592569,4
"Didot_1845",1845,"Related to Agricultural Activities",1846,33,7.81188969611749e-05,0.00773377079915632,-0.00026699095481602,0.000345109851777195,5
"Didot_1850",1850,"Related to Agricultural Activities",1851,84,0.00239043824701195,0.0196859620342161,0.00174472506821084,0.000645713178801108,6
"Didot_1855",1855,"Related to Agricultural Activities",1856,114,0.00140614014530115,0.0267166627607218,0.00140879034091193,-2.65019561077962e-06,7
"DidotBottin_1860",1860,"Related to Agricultural Activities",1861,238,0.00581204593391141,0.0557768924302789,0.00213837870870286,0.00367366722520855,8
"DidotBottin_1864",1864,"Related to Agricultural Activities",1866,306,0.00398406374501992,0.0717131474103586,0.00159160220539464,0.00239246153962528,9
"DidotBottin_1871",1871,"Related to Agricultural Activities",1872,290,-0.000535672436305199,0.0679634403562222,-0.00168340151390855,0.00114772907760335,10
"DidotBottin_1875",1875,"Related to Agricultural Activities",1876,408,0.00691352238106398,0.0956175298804781,0.00630720523911641,0.000606317141947565,11
"DidotBottin_1880",1880,"Related to Agricultural Activities",1881,506,0.00459339114131709,0.118584485587064,0.00174753181233939,0.00284585932897769,12
"DidotBottin_1885",1885,"Related to Agricultural Activities",1886,588,0.0038434497304898,0.137801734239513,0.00214096975554387,0.00170247997494593,13
"DidotBottin_1896",1896,"Related to Agricultural Activities",1896,573,-0.000319577305750261,0.13428638387626,-0.00129576545971908,0.000976188153968814,14
"DidotBottin_1901",1901,"Related to Agricultural Activities",1901,568,-0.000234356690883525,0.133114600421842,0.0012029610356659,-0.00143731772654943,15
"DidotBottin_1907",1907,"Related to Agricultural Activities",1906,420,-0.00578079837512694,0.0984298101710804,-0.0011552800569616,-0.00462551831816534,16
"Bottin1_1829",1829,"Trade Agents and Brokers",NA,350,NA,0.0118099608584154,NA,NA,1
"Bottin1_1833",1833,"Trade Agents and Brokers",1831,373,0.000194020785531111,0.0125860440005399,7.55946206631354e-05,0.000118426164867975,2
"Lamy_1839",1839,"Trade Agents and Brokers",1836,668,0.00165901831106312,0.0225401538669186,0.00213230296413875,-0.000473284653075633,3
"Didot_1842",1842,"Trade Agents and Brokers",1841,802,0.00150717595716921,0.0270616817384262,0.000563690179741018,0.00094348577742819,4
"Didot_1845",1845,"Trade Agents and Brokers",1846,879,0.0008660637962838,0.0296598731272776,-0.00026699095481602,0.00113305475109982,5
"Didot_1850",1850,"Trade Agents and Brokers",1851,976,0.000654609259009313,0.0329329194223242,0.00174472506821084,-0.00109011580920153,6
"Didot_1855",1855,"Trade Agents and Brokers",1856,1222,0.00166014306924011,0.0412336347685248,0.00140879034091193,0.000251352728328186,7
"DidotBottin_1860",1860,"Trade Agents and Brokers",1861,1651,0.00289512754757727,0.0557092725064111,0.00213837870870286,0.00075674883887441,8
"DidotBottin_1864",1864,"Trade Agents and Brokers",1866,1931,0.00236199217168309,0.0651572411931435,0.00159160220539464,0.00077038996628845,9
"DidotBottin_1871",1871,"Trade Agents and Brokers",1872,2103,0.000829107456182635,0.0709609933864219,-0.00168340151390855,0.00251250897009118,10
"DidotBottin_1875",1875,"Trade Agents and Brokers",1876,2546,0.00373700904305574,0.0859090295586449,0.00630720523911641,-0.00257019619606067,11
"DidotBottin_1880",1880,"Trade Agents and Brokers",1881,2822,0.00186259954109866,0.0952220272641382,0.00174753181233939,0.000115067728759273,12
"DidotBottin_1885",1885,"Trade Agents and Brokers",1886,3198,0.00253745444729383,0.107909299500607,0.00214096975554387,0.000396484691749963,13
"DidotBottin_1896",1896,"Trade Agents and Brokers",1896,3270,0.000220861605663873,0.11033877716291,-0.00129576545971908,0.00151662706538295,14
"DidotBottin_1901",1901,"Trade Agents and Brokers",1901,3307,0.000249696315292211,0.111587258739371,0.0012029610356659,-0.00095326472037369,15
"DidotBottin_1907",1907,"Trade Agents and Brokers",1906,3538,0.0012990956944257,0.119381832905925,-0.0011552800569616,0.0024543757513873,16
"Bottin1_1829",1829,"Wholesalers Trade",NA,284,NA,0.0109614419699718,NA,NA,1
"Bottin1_1833",1833,"Wholesalers Trade",1831,298,0.000135088193291907,0.0115017947431395,7.55946206631354e-05,5.94935726287711e-05,2
"Lamy_1839",1839,"Wholesalers Trade",1836,710,0.00265030169696502,0.0274036049249296,0.00213230296413875,0.000517998732826264,3
"Didot_1842",1842,"Wholesalers Trade",1841,876,0.00213568000823395,0.0338106449496314,0.000563690179741018,0.00157198982849293,4
"Didot_1845",1845,"Wholesalers Trade",1846,1002,0.00162105831950287,0.03867381990814,-0.00026699095481602,0.0018880492743189,5
"Didot_1850",1850,"Wholesalers Trade",1851,1282,0.0021614110926705,0.0494808753714925,0.00174472506821084,0.000416686024459657,6
"Didot_1855",1855,"Wholesalers Trade",1856,1392,0.000849125786406269,0.0537265043035239,0.00140879034091193,-0.00055966455450566,7
"DidotBottin_1860",1860,"Wholesalers Trade",1861,2031,0.00493264888648732,0.0783897487359605,0.00213837870870286,0.00279427017778446,8
"DidotBottin_1864",1864,"Wholesalers Trade",1866,2168,0.00132193446292794,0.0836774865876722,0.00159160220539464,-0.000269667742466701,9
"DidotBottin_1871",1871,"Wholesalers Trade",1872,1682,-0.00267970865060679,0.0649195260334247,-0.00168340151390855,-0.000996307136698247,10
"DidotBottin_1875",1875,"Wholesalers Trade",1876,2476,0.00766143039098383,0.09556524759736,0.00630720523911641,0.00135422515186741,11
"DidotBottin_1880",1880,"Wholesalers Trade",1881,2459,-0.000131228530626423,0.0949091049442279,0.00174753181233939,-0.00187876034296581,12
"DidotBottin_1885",1885,"Wholesalers Trade",1886,2623,0.00126596935427844,0.10123895171562,0.00214096975554387,-0.000875000401265433,13
"DidotBottin_1896",1896,"Wholesalers Trade",1896,2142,-0.00168772522008849,0.0826739742946467,-0.00129576545971908,-0.000391959760369416,14
"DidotBottin_1901",1901,"Wholesalers Trade",1901,2285,0.00110386352232815,0.0881932919062874,0.0012029610356659,-9.90975133377538e-05,15
"DidotBottin_1907",1907,"Wholesalers Trade",1906,2199,-0.000553218315385901,0.084873982013972,-0.0011552800569616,0.000602061741575697,16
